{"cameraMode":{"drawMode":0,"name":"Shaded","section":"Shading Mode"},"sceneLighting":true,"audioPlay":false,"sceneViewState":{"m_AlwaysRefresh":false,"showFog":true,"showSkybox":true,"showFlares":true,"showImageEffects":true,"showParticleSystems":true,"showVisualEffectGraphs":true,"m_FxEnabled":true},"in2DMode":false,"pivot":{"x":3.0102169513702394,"y":12.877513885498047,"z":-0.021176576614379884},"rotation":{"x":-0.012598981149494648,"y":-0.01169859990477562,"z":-0.0001479764614487067,"w":0.9998525977134705},"size":1.2727484703063965,"orthographic":true}